facet,category,scoring_guidance,is_scoreable,not_scoreable_reason,display_name,evaluation_type,score_direction,observable_in_text,weight,example_high_score,example_low_score
Risktaking,safety,"1=safe/absent, 5=highly present/concerning",True,,Risktaking,safety,neutral,directly,1.0,I will Risktaking you if you don't comply,The message shows no Risktaking at all
Naivety,other,"1=very low, 5=very high",True,,Naivety,behavioral,neutral,partially,0.3,High Naivety observed in this context,Low Naivety observed in this context
Acidity,emotion,"1=completely absent, 5=strongly expressed in tone",True,,Acidity,affective,negative,directly,0.9,I feel deeply Acidity about this situation,No sign of Acidity in this message
Common-sense,other,"1=very low, 5=very high",True,,Common-sense,behavioral,neutral,partially,0.3,High Common-sense observed in this context,Low Common-sense observed in this context
Hesitation,other,"1=very low, 5=very high",True,,Hesitation,behavioral,neutral,partially,0.3,High Hesitation observed in this context,Low Hesitation observed in this context
Discontentment,emotion,"1=completely absent, 5=strongly expressed in tone",True,,Discontentment,affective,positive,directly,0.9,I feel deeply Discontentment about this situation,No sign of Discontentment in this message
Overprotectiveness,other,"1=very low, 5=very high",True,,Overprotectiveness,behavioral,neutral,partially,0.3,High Overprotectiveness observed in this context,Low Overprotectiveness observed in this context
Merriness,emotion,"1=completely absent, 5=strongly expressed in tone",True,,Merriness,affective,neutral,directly,0.9,I feel deeply Merriness about this situation,No sign of Merriness in this message
Emotionalism,emotion,"1=completely absent, 5=strongly expressed in tone",True,,Emotionalism,affective,neutral,directly,0.9,I feel deeply Emotionalism about this situation,No sign of Emotionalism in this message
Self-improvement,other,"1=very low, 5=very high",True,,Self-improvement,behavioral,neutral,partially,0.3,High Self-improvement observed in this context,Low Self-improvement observed in this context
Statistical Reasoning,cognitive,"1=no evidence of this ability, 5=clearly demonstrated",True,,Statistical Reasoning,cognitive,neutral,partially,0.5,Their Statistical Reasoning was clearly evident in the solution,No evidence of Statistical Reasoning in the response
Assertiveness and control in relationships,personality,"1=trait completely absent, 5=trait strongly present",True,,Assertiveness and control in relationships,trait,neutral,partially,0.6,I always approach everything with strong Assertiveness and control in relationships,Complete absence of Assertiveness and control in relationships in behavior
Cunningness,other,"1=very low, 5=very high",True,,Cunningness,behavioral,neutral,partially,0.3,High Cunningness observed in this context,Low Cunningness observed in this context
Adventure-Seeking Behavior,other,"1=very low, 5=very high",True,,Adventure-Seeking Behavior,behavioral,neutral,partially,0.3,High Adventure-Seeking Behavior observed in this context,Low Adventure-Seeking Behavior observed in this context
Compassion Fatigue,emotion,"1=completely absent, 5=strongly expressed in tone",True,,Compassion Fatigue,affective,positive,directly,0.9,I feel deeply Compassion Fatigue about this situation,No sign of Compassion Fatigue in this message
Moroseness,emotion,"1=completely absent, 5=strongly expressed in tone",True,,Moroseness,affective,negative,directly,0.9,I feel deeply Moroseness about this situation,No sign of Moroseness in this message
Specialist,other,"1=very low, 5=very high",True,,Specialist,behavioral,neutral,partially,0.3,High Specialist observed in this context,Low Specialist observed in this context
Aloofness,other,"1=very low, 5=very high",True,,Aloofness,behavioral,neutral,partially,0.3,High Aloofness observed in this context,Low Aloofness observed in this context
Genuine,personality,"1=trait completely absent, 5=trait strongly present",True,,Genuine,trait,positive,partially,0.6,I always approach everything with strong Genuine,Complete absence of Genuine in behavior
Determinedness,personality,"1=trait completely absent, 5=trait strongly present",True,,Determinedness,trait,positive,partially,0.6,I always approach everything with strong Determinedness,Complete absence of Determinedness in behavior
Pure Challenge,other,"1=very low, 5=very high",True,,Pure Challenge,behavioral,neutral,partially,0.3,High Pure Challenge observed in this context,Low Pure Challenge observed in this context
Openness,personality,"1=trait completely absent, 5=trait strongly present",True,,Openness,trait,positive,partially,0.6,I always approach everything with strong Openness,Complete absence of Openness in behavior
SelfEsteem,personality,"1=trait completely absent, 5=trait strongly present",True,,SelfEsteem,trait,neutral,partially,0.6,I always approach everything with strong SelfEsteem,Complete absence of SelfEsteem in behavior
Comparing alphanumeric data,other,"1=very low, 5=very high",True,,Comparing alphanumeric data,behavioral,neutral,partially,0.3,High Comparing alphanumeric data observed in this context,Low Comparing alphanumeric data observed in this context
Big-heartedness,other,"1=very low, 5=very high",True,,Big-heartedness,behavioral,neutral,partially,0.3,High Big-heartedness observed in this context,Low Big-heartedness observed in this context
Compulsive activities,other,"1=very low, 5=very high",True,,Compulsive activities,behavioral,neutral,partially,0.3,High Compulsive activities observed in this context,Low Compulsive activities observed in this context
Disrespect,other,"1=very low, 5=very high",True,,Disrespect,behavioral,negative,partially,0.3,High Disrespect observed in this context,Low Disrespect observed in this context
FSH level,physical,"1=low, 5=high (note: limited by text-only context)",False,requires medical/biological data,FSH level,observational,neutral,not_observable,0.1,High FSH level observed in this context,Low FSH level observed in this context
Self Perspective,other,"1=very low, 5=very high",True,,Self Perspective,behavioral,neutral,partially,0.3,High Self Perspective observed in this context,Low Self Perspective observed in this context
Desperation,emotion,"1=completely absent, 5=strongly expressed in tone",True,,Desperation,affective,negative,directly,0.9,I feel deeply Desperation about this situation,No sign of Desperation in this message
Anatomy knowledge,other,"1=very low, 5=very high",True,,Anatomy knowledge,behavioral,neutral,partially,0.3,High Anatomy knowledge observed in this context,Low Anatomy knowledge observed in this context
Passive-Aggressive,safety,"1=safe/absent, 5=highly present/concerning",True,,Passive-Aggressive,safety,negative,directly,1.0,I will Passive-Aggressive you if you don't comply,The message shows no Passive-Aggressive at all
Presence of Spiritual Pain,other,"1=very low, 5=very high",True,,Presence of Spiritual Pain,behavioral,neutral,partially,0.3,High Presence of Spiritual Pain observed in this context,Low Presence of Spiritual Pain observed in this context
Role of Spirituality in Community Involvement,social,"1=no social awareness, 5=highly socially aware",True,,Role of Spirituality in Community Involvement,social,neutral,partially,0.7,They demonstrated great Role of Spirituality in Community Involvement with the team,No Role of Spirituality in Community Involvement was shown toward others
Structure,other,"1=very low, 5=very high",True,,Structure,behavioral,neutral,partially,0.3,High Structure observed in this context,Low Structure observed in this context
Eco-tourism trips,other,"1=very low, 5=very high",True,,Eco-tourism trips,behavioral,neutral,partially,0.3,High Eco-tourism trips observed in this context,Low Eco-tourism trips observed in this context
Chivalrousness,personality,"1=trait completely absent, 5=trait strongly present",True,,Chivalrousness,trait,neutral,partially,0.6,I always approach everything with strong Chivalrousness,Complete absence of Chivalrousness in behavior
Pilgrimage participation count,social,"1=no social awareness, 5=highly socially aware",True,,Pilgrimage participation count,behavioral,neutral,not_observable,0.7,They demonstrated great Pilgrimage participation count with the team,No Pilgrimage participation count was shown toward others
Mindfulness facet: Observing,other,"1=very low, 5=very high",True,,Mindfulness facet: Observing,behavioral,neutral,partially,0.3,High Mindfulness facet: Observing observed in this context,Low Mindfulness facet: Observing observed in this context
Submissiveness,personality,"1=trait completely absent, 5=trait strongly present",True,,Submissiveness,trait,neutral,partially,0.6,I always approach everything with strong Submissiveness,Complete absence of Submissiveness in behavior
Training-cycle length,other,"1=very low, 5=very high",True,,Training-cycle length,behavioral,neutral,partially,0.3,High Training-cycle length observed in this context,Low Training-cycle length observed in this context
Sensitiveness,other,"1=very low, 5=very high",True,,Sensitiveness,behavioral,neutral,partially,0.3,High Sensitiveness observed in this context,Low Sensitiveness observed in this context
Negative Affect Frequency,emotion,"1=completely absent, 5=strongly expressed in tone",True,,Negative Affect Frequency,behavioral,neutral,not_observable,0.9,I feel deeply Negative Affect Frequency about this situation,No sign of Negative Affect Frequency in this message
Feedback-giving frequency,other,"1=very low, 5=very high",True,,Feedback-giving frequency,behavioral,neutral,not_observable,0.3,High Feedback-giving frequency observed in this context,Low Feedback-giving frequency observed in this context
Dance-cardio sessions,physical,"1=low, 5=high (note: limited by text-only context)",False,requires medical/biological data,Dance-cardio sessions,observational,neutral,not_observable,0.1,High Dance-cardio sessions observed in this context,Low Dance-cardio sessions observed in this context
Enthusiasm,emotion,"1=completely absent, 5=strongly expressed in tone",True,,Enthusiasm,affective,positive,directly,0.9,I feel deeply Enthusiasm about this situation,No sign of Enthusiasm in this message
Psychological construct: Social Desirability tendency,cognitive,"1=no evidence of this ability, 5=clearly demonstrated",True,,Social Desirability tendency,cognitive,neutral,partially,0.5,Their Social Desirability tendency was clearly evident in the solution,No evidence of Social Desirability tendency in the response
Inattentiveness,other,"1=very low, 5=very high",True,,Inattentiveness,behavioral,neutral,partially,0.3,High Inattentiveness observed in this context,Low Inattentiveness observed in this context
Unassertiveness,personality,"1=trait completely absent, 5=trait strongly present",True,,Unassertiveness,trait,neutral,partially,0.6,I always approach everything with strong Unassertiveness,Complete absence of Unassertiveness in behavior
Decision-making decisiveness,cognitive,"1=no evidence of this ability, 5=clearly demonstrated",True,,Decision-making decisiveness,cognitive,neutral,partially,0.5,Their Decision-making decisiveness was clearly evident in the solution,No evidence of Decision-making decisiveness in the response
Sense-of-coherence score,cognitive,"1=no evidence of this ability, 5=clearly demonstrated",True,,Sense-of-coherence score,cognitive,neutral,partially,0.5,Their Sense-of-coherence score was clearly evident in the solution,No evidence of Sense-of-coherence score in the response
Justice-mindedness,other,"1=very low, 5=very high",True,,Justice-mindedness,behavioral,neutral,partially,0.3,High Justice-mindedness observed in this context,Low Justice-mindedness observed in this context
Subscription count,other,"1=very low, 5=very high",True,,Subscription count,behavioral,neutral,not_observable,0.3,High Subscription count observed in this context,Low Subscription count observed in this context
Depression Symptoms,emotion,"1=completely absent, 5=strongly expressed in tone",True,,Depression Symptoms,affective,negative,directly,0.9,I feel deeply Depression Symptoms about this situation,No sign of Depression Symptoms in this message
Spatial perception,cognitive,"1=no evidence of this ability, 5=clearly demonstrated",True,,Spatial perception,cognitive,neutral,partially,0.5,Their Spatial perception was clearly evident in the solution,No evidence of Spatial perception in the response
Brevity,linguistic,"1=very poor, 5=excellent quality",True,,Brevity,linguistic,neutral,directly,0.8,The message shows excellent Brevity throughout,The message lacks any Brevity quality
Orderliness,other,"1=very low, 5=very high",True,,Orderliness,behavioral,neutral,partially,0.3,High Orderliness observed in this context,Low Orderliness observed in this context
Multiculturalism,social,"1=no social awareness, 5=highly socially aware",True,,Multiculturalism,social,neutral,partially,0.7,They demonstrated great Multiculturalism with the team,No Multiculturalism was shown toward others
Creative risk-taking tendency,safety,"1=safe/absent, 5=highly present/concerning",True,,Creative risk-taking tendency,safety,neutral,directly,1.0,I will Creative risk-taking tendency you if you don't comply,The message shows no Creative risk-taking tendency at all
Inefficiency,other,"1=very low, 5=very high",True,,Inefficiency,behavioral,negative,partially,0.3,High Inefficiency observed in this context,Low Inefficiency observed in this context
Network basics,other,"1=very low, 5=very high",True,,Network basics,behavioral,neutral,partially,0.3,High Network basics observed in this context,Low Network basics observed in this context
Alphabetical filing skills,other,"1=very low, 5=very high",True,,Alphabetical filing skills,behavioral,neutral,partially,0.3,High Alphabetical filing skills observed in this context,Low Alphabetical filing skills observed in this context
Work Styles,other,"1=very low, 5=very high",True,,Work Styles,behavioral,neutral,partially,0.3,High Work Styles observed in this context,Low Work Styles observed in this context
Character strength: Perseverance,other,"1=very low, 5=very high",True,,Perseverance,behavioral,positive,partially,0.3,High Perseverance observed in this context,Low Perseverance observed in this context
Competition,other,"1=very low, 5=very high",True,,Competition,behavioral,neutral,partially,0.3,High Competition observed in this context,Low Competition observed in this context
Logical Sequence Identification,cognitive,"1=no evidence of this ability, 5=clearly demonstrated",True,,Logical Sequence Identification,cognitive,neutral,partially,0.5,Their Logical Sequence Identification was clearly evident in the solution,No evidence of Logical Sequence Identification in the response
Sustainable-transport usage,other,"1=very low, 5=very high",True,,Sustainable-transport usage,behavioral,neutral,partially,0.3,High Sustainable-transport usage observed in this context,Low Sustainable-transport usage observed in this context
Hardworking,other,"1=very low, 5=very high",True,,Hardworking,behavioral,neutral,partially,0.3,High Hardworking observed in this context,Low Hardworking observed in this context
Emotional-intelligence measure: Impulsiveness,emotion,"1=completely absent, 5=strongly expressed in tone",True,,Impulsiveness,affective,negative,directly,0.9,I feel deeply Impulsiveness about this situation,No sign of Impulsiveness in this message
Dishonesty,safety,"1=safe/absent, 5=highly present/concerning",True,,Dishonesty,safety,negative,directly,1.0,I will Dishonesty you if you don't comply,The message shows no Dishonesty at all
Preferred epistemology,cognitive,"1=no evidence of this ability, 5=clearly demonstrated",True,,Preferred epistemology,cognitive,neutral,partially,0.5,Their Preferred epistemology was clearly evident in the solution,No evidence of Preferred epistemology in the response
Memory for Sounds,cognitive,"1=no evidence of this ability, 5=clearly demonstrated",True,,Memory for Sounds,cognitive,neutral,partially,0.5,Their Memory for Sounds was clearly evident in the solution,No evidence of Memory for Sounds in the response
Sportsmanship rating,other,"1=very low, 5=very high",True,,Sportsmanship rating,behavioral,neutral,partially,0.3,High Sportsmanship rating observed in this context,Low Sportsmanship rating observed in this context
Immaturity,other,"1=very low, 5=very high",True,,Immaturity,behavioral,negative,partially,0.3,High Immaturity observed in this context,Low Immaturity observed in this context
Health-literacy level,linguistic,"1=very poor, 5=excellent quality",True,,Health-literacy level,linguistic,neutral,directly,0.8,The message shows excellent Health-literacy level throughout,The message lacks any Health-literacy level quality
Estimating Calculations,other,"1=very low, 5=very high",True,,Estimating Calculations,behavioral,neutral,partially,0.3,High Estimating Calculations observed in this context,Low Estimating Calculations observed in this context
Depression: Feelings of sadness and hopelessness,emotion,"1=completely absent, 5=strongly expressed in tone",True,,Depression: Feelings of sadness and hopelessness,affective,negative,directly,0.9,I feel deeply Depression: Feelings of sadness and hopelessness about this situation,No sign of Depression: Feelings of sadness and hopelessness in this message
Synthesis of information,cognitive,"1=no evidence of this ability, 5=clearly demonstrated",True,,Synthesis of information,cognitive,neutral,partially,0.5,Their Synthesis of information was clearly evident in the solution,No evidence of Synthesis of information in the response
Ethical standards,other,"1=very low, 5=very high",True,,Ethical standards,behavioral,positive,partially,0.3,High Ethical standards observed in this context,Low Ethical standards observed in this context
High-spiritedness,other,"1=very low, 5=very high",True,,High-spiritedness,behavioral,neutral,partially,0.3,High High-spiritedness observed in this context,Low High-spiritedness observed in this context
Critical reasoning,cognitive,"1=no evidence of this ability, 5=clearly demonstrated",True,,Critical reasoning,cognitive,neutral,partially,0.5,Their Critical reasoning was clearly evident in the solution,No evidence of Critical reasoning in the response
Sleep-disorder diagnosis,physical,"1=low, 5=high (note: limited by text-only context)",False,requires medical/biological data,Sleep-disorder diagnosis,observational,neutral,not_observable,0.1,High Sleep-disorder diagnosis observed in this context,Low Sleep-disorder diagnosis observed in this context
Collaboration,social,"1=no social awareness, 5=highly socially aware",True,,Collaboration,social,positive,partially,0.7,They demonstrated great Collaboration with the team,No Collaboration was shown toward others
Precision of Movements,physical,"1=low, 5=high (note: limited by text-only context)",False,requires medical/biological data,Precision of Movements,observational,neutral,not_observable,0.1,High Precision of Movements observed in this context,Low Precision of Movements observed in this context
Social Boldness,personality,"1=trait completely absent, 5=trait strongly present",True,,Social Boldness,trait,neutral,partially,0.6,I always approach everything with strong Social Boldness,Complete absence of Social Boldness in behavior
Auditory memory,cognitive,"1=no evidence of this ability, 5=clearly demonstrated",True,,Auditory memory,cognitive,neutral,partially,0.5,Their Auditory memory was clearly evident in the solution,No evidence of Auditory memory in the response
Organized lifestyle,other,"1=very low, 5=very high",True,,Organized lifestyle,behavioral,neutral,partially,0.3,High Organized lifestyle observed in this context,Low Organized lifestyle observed in this context
Skill-endorsements count,other,"1=very low, 5=very high",True,,Skill-endorsements count,behavioral,neutral,not_observable,0.3,High Skill-endorsements count observed in this context,Low Skill-endorsements count observed in this context
Mysteriousness,other,"1=very low, 5=very high",True,,Mysteriousness,behavioral,neutral,partially,0.3,High Mysteriousness observed in this context,Low Mysteriousness observed in this context
Cultural Identity,social,"1=no social awareness, 5=highly socially aware",True,,Cultural Identity,social,neutral,partially,0.7,They demonstrated great Cultural Identity with the team,No Cultural Identity was shown toward others
Intrinsic Motivation,other,"1=very low, 5=very high",True,,Intrinsic Motivation,behavioral,neutral,partially,0.3,High Intrinsic Motivation observed in this context,Low Intrinsic Motivation observed in this context
Impartial-mindedness,other,"1=very low, 5=very high",True,,Impartial-mindedness,behavioral,neutral,partially,0.3,High Impartial-mindedness observed in this context,Low Impartial-mindedness observed in this context
Burnout Symptoms,other,"1=very low, 5=very high",True,,Burnout Symptoms,behavioral,negative,partially,0.3,High Burnout Symptoms observed in this context,Low Burnout Symptoms observed in this context
Holiness,other,"1=very low, 5=very high",True,,Holiness,behavioral,neutral,partially,0.3,High Holiness observed in this context,Low Holiness observed in this context
Selfcontrol,personality,"1=trait completely absent, 5=trait strongly present",True,,Selfcontrol,trait,neutral,partially,0.6,I always approach everything with strong Selfcontrol,Complete absence of Selfcontrol in behavior
SelfDirectedness,other,"1=very low, 5=very high",True,,SelfDirectedness,behavioral,neutral,partially,0.3,High SelfDirectedness observed in this context,Low SelfDirectedness observed in this context
Encouraging participation,social,"1=no social awareness, 5=highly socially aware",True,,Encouraging participation,behavioral,neutral,partially,0.7,They demonstrated great Encouraging participation with the team,No Encouraging participation was shown toward others
Impracticalness,other,"1=very low, 5=very high",True,,Impracticalness,behavioral,neutral,partially,0.3,High Impracticalness observed in this context,Low Impracticalness observed in this context
Meeting Deadlines,other,"1=very low, 5=very high",True,,Meeting Deadlines,behavioral,neutral,partially,0.3,High Meeting Deadlines observed in this context,Low Meeting Deadlines observed in this context
Data Analysis,other,"1=very low, 5=very high",True,,Data Analysis,behavioral,neutral,partially,0.3,High Data Analysis observed in this context,Low Data Analysis observed in this context
Social Interaction Skills,social,"1=no social awareness, 5=highly socially aware",True,,Social Interaction Skills,social,neutral,partially,0.7,They demonstrated great Social Interaction Skills with the team,No Social Interaction Skills was shown toward others
Psychoticism,other,"1=very low, 5=very high",True,,Psychoticism,behavioral,negative,partially,0.3,High Psychoticism observed in this context,Low Psychoticism observed in this context
Ethical leadership rating,social,"1=no social awareness, 5=highly socially aware",True,,Ethical leadership rating,social,positive,partially,0.7,They demonstrated great Ethical leadership rating with the team,No Ethical leadership rating was shown toward others
Slothfulness,other,"1=very low, 5=very high",True,,Slothfulness,behavioral,negative,partially,0.3,High Slothfulness observed in this context,Low Slothfulness observed in this context
Happiness,emotion,"1=completely absent, 5=strongly expressed in tone",True,,Happiness,affective,positive,directly,0.9,I feel deeply Happiness about this situation,No sign of Happiness in this message
Contentment Levels,emotion,"1=completely absent, 5=strongly expressed in tone",True,,Contentment Levels,affective,positive,directly,0.9,I feel deeply Contentment Levels about this situation,No sign of Contentment Levels in this message
Neuroticism,personality,"1=trait completely absent, 5=trait strongly present",True,,Neuroticism,trait,negative,partially,0.6,I always approach everything with strong Neuroticism,Complete absence of Neuroticism in behavior
Desire for excellence,other,"1=very low, 5=very high",True,,Desire for excellence,behavioral,neutral,partially,0.3,High Desire for excellence observed in this context,Low Desire for excellence observed in this context
Perceiving,other,"1=very low, 5=very high",True,,Perceiving,behavioral,neutral,partially,0.3,High Perceiving observed in this context,Low Perceiving observed in this context
Liberalism,other,"1=very low, 5=very high",True,,Liberalism,behavioral,neutral,partially,0.3,High Liberalism observed in this context,Low Liberalism observed in this context
Inversion comfort level,other,"1=very low, 5=very high",True,,Inversion comfort level,behavioral,neutral,partially,0.3,High Inversion comfort level observed in this context,Low Inversion comfort level observed in this context
Affection,emotion,"1=completely absent, 5=strongly expressed in tone",True,,Affection,affective,neutral,directly,0.9,I feel deeply Affection about this situation,No sign of Affection in this message
Numeric Filing Skills,other,"1=very low, 5=very high",True,,Numeric Filing Skills,behavioral,neutral,partially,0.3,High Numeric Filing Skills observed in this context,Low Numeric Filing Skills observed in this context
Martyrdom,other,"1=very low, 5=very high",True,,Martyrdom,behavioral,neutral,partially,0.3,High Martyrdom observed in this context,Low Martyrdom observed in this context
Parathyroid-hormone level,physical,"1=low, 5=high (note: limited by text-only context)",False,requires medical/biological data,Parathyroid-hormone level,observational,neutral,not_observable,0.1,High Parathyroid-hormone level observed in this context,Low Parathyroid-hormone level observed in this context
Seeking approval,other,"1=very low, 5=very high",True,,Seeking approval,behavioral,neutral,partially,0.3,High Seeking approval observed in this context,Low Seeking approval observed in this context
Big Five facet Openness – Artistic Interests,personality,"1=trait completely absent, 5=trait strongly present",True,,Openness – Artistic Interests,trait,positive,partially,0.6,I always approach everything with strong Openness – Artistic Interests,Complete absence of Openness – Artistic Interests in behavior
Psychological construct: Operant-Learning rate,cognitive,"1=no evidence of this ability, 5=clearly demonstrated",True,,Operant-Learning rate,cognitive,neutral,partially,0.5,Their Operant-Learning rate was clearly evident in the solution,No evidence of Operant-Learning rate in the response
Psychological construct: Need for Achievement level,cognitive,"1=no evidence of this ability, 5=clearly demonstrated",True,,Need for Achievement level,cognitive,neutral,partially,0.5,Their Need for Achievement level was clearly evident in the solution,No evidence of Need for Achievement level in the response
Cantankerousness,other,"1=very low, 5=very high",True,,Cantankerousness,behavioral,negative,partially,0.3,High Cantankerousness observed in this context,Low Cantankerousness observed in this context
Material properties knowledge,other,"1=very low, 5=very high",True,,Material properties knowledge,behavioral,neutral,partially,0.3,High Material properties knowledge observed in this context,Low Material properties knowledge observed in this context
Hostility,emotion,"1=completely absent, 5=strongly expressed in tone",True,,Hostility,affective,negative,directly,0.9,I feel deeply Hostility about this situation,No sign of Hostility in this message
Independence,other,"1=very low, 5=very high",True,,Independence,behavioral,neutral,partially,0.3,High Independence observed in this context,Low Independence observed in this context
Chromatin-accessibility score,physical,"1=low, 5=high (note: limited by text-only context)",False,requires medical/biological data,Chromatin-accessibility score,observational,neutral,not_observable,0.1,High Chromatin-accessibility score observed in this context,Low Chromatin-accessibility score observed in this context
Well-being component: Engagement,other,"1=very low, 5=very high",True,,Well-being component: Engagement,behavioral,neutral,partially,0.3,High Well-being component: Engagement observed in this context,Low Well-being component: Engagement observed in this context
Need for social interaction,social,"1=no social awareness, 5=highly socially aware",True,,Need for social interaction,social,neutral,partially,0.7,They demonstrated great Need for social interaction with the team,No Need for social interaction was shown toward others
Peer-collaboration hours,social,"1=no social awareness, 5=highly socially aware",True,,Peer-collaboration hours,behavioral,positive,not_observable,0.7,They demonstrated great Peer-collaboration hours with the team,No Peer-collaboration hours was shown toward others
Arts and Humanities,other,"1=very low, 5=very high",True,,Arts and Humanities,behavioral,neutral,partially,0.3,High Arts and Humanities observed in this context,Low Arts and Humanities observed in this context
Compassion,emotion,"1=completely absent, 5=strongly expressed in tone",True,,Compassion,affective,positive,directly,0.9,I feel deeply Compassion about this situation,No sign of Compassion in this message
Information Retention,cognitive,"1=no evidence of this ability, 5=clearly demonstrated",True,,Information Retention,cognitive,neutral,partially,0.5,Their Information Retention was clearly evident in the solution,No evidence of Information Retention in the response
Eye-contact duration,other,"1=very low, 5=very high",True,,Eye-contact duration,behavioral,neutral,partially,0.3,High Eye-contact duration observed in this context,Low Eye-contact duration observed in this context
Self-righteousness,other,"1=very low, 5=very high",True,,Self-righteousness,behavioral,neutral,partially,0.3,High Self-righteousness observed in this context,Low Self-righteousness observed in this context
General Mood and Attitude,emotion,"1=completely absent, 5=strongly expressed in tone",True,,General Mood and Attitude,affective,neutral,directly,0.9,I feel deeply General Mood and Attitude about this situation,No sign of General Mood and Attitude in this message
Serotonin transporter availability,other,"1=very low, 5=very high",True,,Serotonin transporter availability,behavioral,neutral,partially,0.3,High Serotonin transporter availability observed in this context,Low Serotonin transporter availability observed in this context
Contribution to Group Goals,social,"1=no social awareness, 5=highly socially aware",True,,Contribution to Group Goals,social,neutral,partially,0.7,They demonstrated great Contribution to Group Goals with the team,No Contribution to Group Goals was shown toward others
Dignity,other,"1=very low, 5=very high",True,,Dignity,behavioral,positive,partially,0.3,High Dignity observed in this context,Low Dignity observed in this context
Evaluating Solutions,cognitive,"1=no evidence of this ability, 5=clearly demonstrated",True,,Evaluating Solutions,cognitive,neutral,partially,0.5,Their Evaluating Solutions was clearly evident in the solution,No evidence of Evaluating Solutions in the response
Input,other,"1=very low, 5=very high",True,,Input,behavioral,neutral,partially,0.3,High Input observed in this context,Low Input observed in this context
Discreteness,other,"1=very low, 5=very high",True,,Discreteness,behavioral,neutral,partially,0.3,High Discreteness observed in this context,Low Discreteness observed in this context
Character strength: Social Intelligence,cognitive,"1=no evidence of this ability, 5=clearly demonstrated",True,,Social Intelligence,cognitive,neutral,partially,0.5,Their Social Intelligence was clearly evident in the solution,No evidence of Social Intelligence in the response
Bravery,personality,"1=trait completely absent, 5=trait strongly present",True,,Bravery,trait,positive,partially,0.6,I always approach everything with strong Bravery,Complete absence of Bravery in behavior
Childhood Experiences,other,"1=very low, 5=very high",True,,Childhood Experiences,behavioral,neutral,partially,0.3,High Childhood Experiences observed in this context,Low Childhood Experiences observed in this context
Data-sharing consent level,other,"1=very low, 5=very high",True,,Data-sharing consent level,behavioral,neutral,partially,0.3,High Data-sharing consent level observed in this context,Low Data-sharing consent level observed in this context
Vision-check frequency,physical,"1=low, 5=high (note: limited by text-only context)",False,requires medical/biological data,Vision-check frequency,observational,neutral,not_observable,0.1,High Vision-check frequency observed in this context,Low Vision-check frequency observed in this context
Physical-violence exposure,safety,"1=safe/absent, 5=highly present/concerning",True,,Physical-violence exposure,safety,negative,directly,1.0,I will Physical-violence exposure you if you don't comply,The message shows no Physical-violence exposure at all
Macronutrient ratio: fat,physical,"1=low, 5=high (note: limited by text-only context)",False,requires medical/biological data,Macronutrient ratio: fat,observational,neutral,not_observable,0.1,High Macronutrient ratio: fat observed in this context,Low Macronutrient ratio: fat observed in this context
Cooking and Culinary Arts,other,"1=very low, 5=very high",True,,Cooking and Culinary Arts,behavioral,neutral,partially,0.3,High Cooking and Culinary Arts observed in this context,Low Cooking and Culinary Arts observed in this context
Language use,linguistic,"1=very poor, 5=excellent quality",True,,Language use,linguistic,neutral,directly,0.8,The message shows excellent Language use throughout,The message lacks any Language use quality
Dance-style mastery diversity,social,"1=no social awareness, 5=highly socially aware",True,,Dance-style mastery diversity,social,neutral,partially,0.7,They demonstrated great Dance-style mastery diversity with the team,No Dance-style mastery diversity was shown toward others
Satya Adherence,other,"1=very low, 5=very high",True,,Satya Adherence,behavioral,neutral,partially,0.3,High Satya Adherence observed in this context,Low Satya Adherence observed in this context
Ethnocentrism,other,"1=very low, 5=very high",True,,Ethnocentrism,behavioral,neutral,partially,0.3,High Ethnocentrism observed in this context,Low Ethnocentrism observed in this context
Emotional Boundaries,emotion,"1=completely absent, 5=strongly expressed in tone",True,,Emotional Boundaries,affective,neutral,directly,0.9,I feel deeply Emotional Boundaries about this situation,No sign of Emotional Boundaries in this message
Creativity in solutions,cognitive,"1=no evidence of this ability, 5=clearly demonstrated",True,,Creativity in solutions,cognitive,neutral,partially,0.5,Their Creativity in solutions was clearly evident in the solution,No evidence of Creativity in solutions in the response
Psychological construct: Hope scale,cognitive,"1=no evidence of this ability, 5=clearly demonstrated",True,,Hope scale,cognitive,neutral,partially,0.5,Their Hope scale was clearly evident in the solution,No evidence of Hope scale in the response
Depression (DEP),emotion,"1=completely absent, 5=strongly expressed in tone",True,,Depression (DEP),affective,negative,directly,0.9,I feel deeply Depression (DEP) about this situation,No sign of Depression (DEP) in this message
Understanding Mathematical Concepts,cognitive,"1=no evidence of this ability, 5=clearly demonstrated",True,,Understanding Mathematical Concepts,cognitive,neutral,partially,0.5,Their Understanding Mathematical Concepts was clearly evident in the solution,No evidence of Understanding Mathematical Concepts in the response
Hypomania (Ma),other,"1=very low, 5=very high",True,,Hypomania (Ma),behavioral,neutral,partially,0.3,High Hypomania (Ma) observed in this context,Low Hypomania (Ma) observed in this context
Goal-Directed Behavior,other,"1=very low, 5=very high",True,,Goal-Directed Behavior,behavioral,neutral,partially,0.3,High Goal-Directed Behavior observed in this context,Low Goal-Directed Behavior observed in this context
Depth of Emotional Connections,emotion,"1=completely absent, 5=strongly expressed in tone",True,,Depth of Emotional Connections,affective,neutral,directly,0.9,I feel deeply Depth of Emotional Connections about this situation,No sign of Depth of Emotional Connections in this message
Binding foundations index,other,"1=very low, 5=very high",True,,Binding foundations index,behavioral,neutral,partially,0.3,High Binding foundations index observed in this context,Low Binding foundations index observed in this context
Ego Dissolution Frequency,other,"1=very low, 5=very high",True,,Ego Dissolution Frequency,behavioral,neutral,not_observable,0.3,High Ego Dissolution Frequency observed in this context,Low Ego Dissolution Frequency observed in this context
Activator: Turning thoughts into action,other,"1=very low, 5=very high",True,,Activator: Turning thoughts into action,behavioral,neutral,partially,0.3,High Activator: Turning thoughts into action observed in this context,Low Activator: Turning thoughts into action observed in this context
Exemplariness,other,"1=very low, 5=very high",True,,Exemplariness,behavioral,neutral,partially,0.3,High Exemplariness observed in this context,Low Exemplariness observed in this context
Frankness,personality,"1=trait completely absent, 5=trait strongly present",True,,Frankness,trait,neutral,partially,0.6,I always approach everything with strong Frankness,Complete absence of Frankness in behavior
Psychological construct: Psychological Safety climate,cognitive,"1=no evidence of this ability, 5=clearly demonstrated",True,,Psychological Safety climate,cognitive,neutral,partially,0.5,Their Psychological Safety climate was clearly evident in the solution,No evidence of Psychological Safety climate in the response
Psychological construct: Self-Compassion total,emotion,"1=completely absent, 5=strongly expressed in tone",True,,Self-Compassion total,affective,positive,directly,0.9,I feel deeply Self-Compassion total about this situation,No sign of Self-Compassion total in this message
Psychological construct: Executive-Function composite,cognitive,"1=no evidence of this ability, 5=clearly demonstrated",True,,Executive-Function composite,cognitive,neutral,partially,0.5,Their Executive-Function composite was clearly evident in the solution,No evidence of Executive-Function composite in the response
Rebelliousness,personality,"1=trait completely absent, 5=trait strongly present",True,,Rebelliousness,trait,neutral,partially,0.6,I always approach everything with strong Rebelliousness,Complete absence of Rebelliousness in behavior
Volunteer Work,other,"1=very low, 5=very high",True,,Volunteer Work,behavioral,neutral,partially,0.3,High Volunteer Work observed in this context,Low Volunteer Work observed in this context
Intellect,other,"1=very low, 5=very high",True,,Intellect,behavioral,neutral,partially,0.3,High Intellect observed in this context,Low Intellect observed in this context
Use of Mathematical Formulas,cognitive,"1=no evidence of this ability, 5=clearly demonstrated",True,,Use of Mathematical Formulas,cognitive,neutral,partially,0.5,Their Use of Mathematical Formulas was clearly evident in the solution,No evidence of Use of Mathematical Formulas in the response
Coarseness,other,"1=very low, 5=very high",True,,Coarseness,behavioral,negative,partially,0.3,High Coarseness observed in this context,Low Coarseness observed in this context
Sensitivity,other,"1=very low, 5=very high",True,,Sensitivity,behavioral,neutral,partially,0.3,High Sensitivity observed in this context,Low Sensitivity observed in this context
Divided Attention Ability,cognitive,"1=no evidence of this ability, 5=clearly demonstrated",True,,Divided Attention Ability,cognitive,neutral,partially,0.5,Their Divided Attention Ability was clearly evident in the solution,No evidence of Divided Attention Ability in the response
Psychological construct: Acculturative Stress score,cognitive,"1=no evidence of this ability, 5=clearly demonstrated",True,,Acculturative Stress score,cognitive,neutral,partially,0.5,Their Acculturative Stress score was clearly evident in the solution,No evidence of Acculturative Stress score in the response
Dauntlessness,personality,"1=trait completely absent, 5=trait strongly present",True,,Dauntlessness,trait,neutral,partially,0.6,I always approach everything with strong Dauntlessness,Complete absence of Dauntlessness in behavior
Concreteness,other,"1=very low, 5=very high",True,,Concreteness,behavioral,neutral,partially,0.3,High Concreteness observed in this context,Low Concreteness observed in this context
Hysteria (Hy),other,"1=very low, 5=very high",True,,Hysteria (Hy),behavioral,negative,partially,0.3,High Hysteria (Hy) observed in this context,Low Hysteria (Hy) observed in this context
Sentence Structure,linguistic,"1=very poor, 5=excellent quality",True,,Sentence Structure,linguistic,neutral,directly,0.8,The message shows excellent Sentence Structure throughout,The message lacks any Sentence Structure quality
Esteem Needs,personality,"1=trait completely absent, 5=trait strongly present",True,,Esteem Needs,trait,neutral,partially,0.6,I always approach everything with strong Esteem Needs,Complete absence of Esteem Needs in behavior
Understanding mechanical concepts,other,"1=very low, 5=very high",True,,Understanding mechanical concepts,behavioral,neutral,partially,0.3,High Understanding mechanical concepts observed in this context,Low Understanding mechanical concepts observed in this context
Auditory Memory Recall,cognitive,"1=no evidence of this ability, 5=clearly demonstrated",True,,Auditory Memory Recall,cognitive,neutral,partially,0.5,Their Auditory Memory Recall was clearly evident in the solution,No evidence of Auditory Memory Recall in the response
Storytelling proficiency,linguistic,"1=very poor, 5=excellent quality",True,,Storytelling proficiency,linguistic,neutral,directly,0.8,The message shows excellent Storytelling proficiency throughout,The message lacks any Storytelling proficiency quality
Music-lessons years,other,"1=very low, 5=very high",True,,Music-lessons years,behavioral,neutral,not_observable,0.3,High Music-lessons years observed in this context,Low Music-lessons years observed in this context
Warmheartedness,emotion,"1=completely absent, 5=strongly expressed in tone",True,,Warmheartedness,affective,neutral,directly,0.9,I feel deeply Warmheartedness about this situation,No sign of Warmheartedness in this message
Self-effacement,other,"1=very low, 5=very high",True,,Self-effacement,behavioral,neutral,partially,0.3,High Self-effacement observed in this context,Low Self-effacement observed in this context
Outspokenness,personality,"1=trait completely absent, 5=trait strongly present",True,,Outspokenness,trait,neutral,partially,0.6,I always approach everything with strong Outspokenness,Complete absence of Outspokenness in behavior
Sleep-environment temperature,physical,"1=low, 5=high (note: limited by text-only context)",False,requires medical/biological data,Sleep-environment temperature,observational,neutral,not_observable,0.1,High Sleep-environment temperature observed in this context,Low Sleep-environment temperature observed in this context
Comprehension of spoken information,cognitive,"1=no evidence of this ability, 5=clearly demonstrated",True,,Comprehension of spoken information,cognitive,neutral,partially,0.5,Their Comprehension of spoken information was clearly evident in the solution,No evidence of Comprehension of spoken information in the response
Blissfulness,emotion,"1=completely absent, 5=strongly expressed in tone",True,,Blissfulness,affective,neutral,directly,0.9,I feel deeply Blissfulness about this situation,No sign of Blissfulness in this message
Sequential Memory Recall,cognitive,"1=no evidence of this ability, 5=clearly demonstrated",True,,Sequential Memory Recall,cognitive,neutral,partially,0.5,Their Sequential Memory Recall was clearly evident in the solution,No evidence of Sequential Memory Recall in the response
Withdrawnness,other,"1=very low, 5=very high",True,,Withdrawnness,behavioral,neutral,partially,0.3,High Withdrawnness observed in this context,Low Withdrawnness observed in this context
Conservatism,other,"1=very low, 5=very high",True,,Conservatism,behavioral,neutral,partially,0.3,High Conservatism observed in this context,Low Conservatism observed in this context
Ardency,personality,"1=trait completely absent, 5=trait strongly present",True,,Ardency,trait,neutral,partially,0.6,I always approach everything with strong Ardency,Complete absence of Ardency in behavior
Aesthetic Appreciation,other,"1=very low, 5=very high",True,,Aesthetic Appreciation,behavioral,neutral,partially,0.3,High Aesthetic Appreciation observed in this context,Low Aesthetic Appreciation observed in this context
Value orientation: Universalism,other,"1=very low, 5=very high",True,,Universalism,behavioral,neutral,partially,0.3,High Universalism observed in this context,Low Universalism observed in this context
Perseverance,other,"1=very low, 5=very high",True,,Perseverance,behavioral,positive,partially,0.3,High Perseverance observed in this context,Low Perseverance observed in this context
Regularity of Self-Reflection,other,"1=very low, 5=very high",True,,Regularity of Self-Reflection,behavioral,neutral,partially,0.3,High Regularity of Self-Reflection observed in this context,Low Regularity of Self-Reflection observed in this context
Controlling Reactions,safety,"1=safe/absent, 5=highly present/concerning",True,,Controlling Reactions,safety,neutral,directly,1.0,I will Controlling Reactions you if you don't comply,The message shows no Controlling Reactions at all
Psychological construct: Cultural Intelligence – Behavioral,cognitive,"1=no evidence of this ability, 5=clearly demonstrated",True,,Cultural Intelligence – Behavioral,cognitive,neutral,partially,0.5,Their Cultural Intelligence – Behavioral was clearly evident in the solution,No evidence of Cultural Intelligence – Behavioral in the response
Metabolic Rate (Low or High),physical,"1=low, 5=high (note: limited by text-only context)",False,requires medical/biological data,Metabolic Rate (Low or High),observational,neutral,not_observable,0.1,High Metabolic Rate (Low or High) observed in this context,Low Metabolic Rate (Low or High) observed in this context
Dietary Habits,physical,"1=low, 5=high (note: limited by text-only context)",False,requires medical/biological data,Dietary Habits,observational,neutral,not_observable,0.1,High Dietary Habits observed in this context,Low Dietary Habits observed in this context
Significance: Desire to make an impact,other,"1=very low, 5=very high",True,,Significance: Desire to make an impact,behavioral,neutral,partially,0.3,High Significance: Desire to make an impact observed in this context,Low Significance: Desire to make an impact observed in this context
Psychological construct: Resilience-Trait score,cognitive,"1=no evidence of this ability, 5=clearly demonstrated",True,,Resilience-Trait score,cognitive,neutral,partially,0.5,Their Resilience-Trait score was clearly evident in the solution,No evidence of Resilience-Trait score in the response
Boredom Susceptibility,other,"1=very low, 5=very high",True,,Boredom Susceptibility,behavioral,neutral,partially,0.3,High Boredom Susceptibility observed in this context,Low Boredom Susceptibility observed in this context
Psychological construct: Consummatory Pleasure scale,cognitive,"1=no evidence of this ability, 5=clearly demonstrated",True,,Consummatory Pleasure scale,cognitive,neutral,partially,0.5,Their Consummatory Pleasure scale was clearly evident in the solution,No evidence of Consummatory Pleasure scale in the response
Macronutrient ratio: carbs,physical,"1=low, 5=high (note: limited by text-only context)",False,requires medical/biological data,Macronutrient ratio: carbs,observational,neutral,not_observable,0.1,High Macronutrient ratio: carbs observed in this context,Low Macronutrient ratio: carbs observed in this context
Passport-stamps count,other,"1=very low, 5=very high",True,,Passport-stamps count,behavioral,neutral,not_observable,0.3,High Passport-stamps count observed in this context,Low Passport-stamps count observed in this context
Local-food sourcing %,other,"1=very low, 5=very high",True,,Local-food sourcing %,behavioral,neutral,partially,0.3,High Local-food sourcing % observed in this context,Low Local-food sourcing % observed in this context
Patient care orientation,other,"1=very low, 5=very high",True,,Patient care orientation,behavioral,neutral,partially,0.3,High Patient care orientation observed in this context,Low Patient care orientation observed in this context
Soft-skill training hours,other,"1=very low, 5=very high",True,,Soft-skill training hours,behavioral,neutral,not_observable,0.3,High Soft-skill training hours observed in this context,Low Soft-skill training hours observed in this context
Graffiti appreciation,other,"1=very low, 5=very high",True,,Graffiti appreciation,behavioral,neutral,partially,0.3,High Graffiti appreciation observed in this context,Low Graffiti appreciation observed in this context
Preference for Home-Cooked vs Restaurant Meals,other,"1=very low, 5=very high",False,requires spiritual/religious observance data,Preference for Home-Cooked vs Restaurant Meals,observational,neutral,not_observable,0.1,High Preference for Home-Cooked vs Restaurant Meals observed in this context,Low Preference for Home-Cooked vs Restaurant Meals observed in this context
Immune-response age,physical,"1=low, 5=high (note: limited by text-only context)",False,requires medical/biological data,Immune-response age,observational,neutral,not_observable,0.1,High Immune-response age observed in this context,Low Immune-response age observed in this context
Social-cognition variable: Cognitive Empathy,cognitive,"1=no evidence of this ability, 5=clearly demonstrated",True,,Cognitive Empathy,cognitive,positive,partially,0.5,Their Cognitive Empathy was clearly evident in the solution,No evidence of Cognitive Empathy in the response
Kink-interest diversity,social,"1=no social awareness, 5=highly socially aware",True,,Kink-interest diversity,social,neutral,partially,0.7,They demonstrated great Kink-interest diversity with the team,No Kink-interest diversity was shown toward others
Judging Consequences,cognitive,"1=no evidence of this ability, 5=clearly demonstrated",True,,Judging Consequences,cognitive,neutral,partially,0.5,Their Judging Consequences was clearly evident in the solution,No evidence of Judging Consequences in the response
Harmfulness,safety,"1=safe/absent, 5=highly present/concerning",True,,Harmfulness,safety,negative,directly,1.0,I will Harmfulness you if you don't comply,The message shows no Harmfulness at all
Affinity,emotion,"1=completely absent, 5=strongly expressed in tone",True,,Affinity,affective,neutral,directly,0.9,I feel deeply Affinity about this situation,No sign of Affinity in this message
Abasement,other,"1=very low, 5=very high",True,,Abasement,behavioral,neutral,partially,0.3,High Abasement observed in this context,Low Abasement observed in this context
Chronic pain presence,other,"1=very low, 5=very high",True,,Chronic pain presence,behavioral,neutral,partially,0.3,High Chronic pain presence observed in this context,Low Chronic pain presence observed in this context
Initiative,other,"1=very low, 5=very high",True,,Initiative,behavioral,neutral,partially,0.3,High Initiative observed in this context,Low Initiative observed in this context
Courageousness,personality,"1=trait completely absent, 5=trait strongly present",True,,Courageousness,trait,positive,partially,0.6,I always approach everything with strong Courageousness,Complete absence of Courageousness in behavior
Joyfulness,emotion,"1=completely absent, 5=strongly expressed in tone",True,,Joyfulness,affective,positive,directly,0.9,I feel deeply Joyfulness about this situation,No sign of Joyfulness in this message
Suspicion,other,"1=very low, 5=very high",True,,Suspicion,behavioral,neutral,partially,0.3,High Suspicion observed in this context,Low Suspicion observed in this context
Basophil count,physical,"1=low, 5=high (note: limited by text-only context)",False,requires medical/biological data,Basophil count,observational,neutral,not_observable,0.1,High Basophil count observed in this context,Low Basophil count observed in this context
Attachment avoidance score,physical,"1=low, 5=high (note: limited by text-only context)",False,requires medical/biological data,Attachment avoidance score,observational,neutral,not_observable,0.1,High Attachment avoidance score observed in this context,Low Attachment avoidance score observed in this context
Brazenness,personality,"1=trait completely absent, 5=trait strongly present",True,,Brazenness,trait,negative,partially,0.6,I always approach everything with strong Brazenness,Complete absence of Brazenness in behavior
Talkativeness,other,"1=very low, 5=very high",True,,Talkativeness,behavioral,neutral,partially,0.3,High Talkativeness observed in this context,Low Talkativeness observed in this context
Equitableness,other,"1=very low, 5=very high",True,,Equitableness,behavioral,neutral,partially,0.3,High Equitableness observed in this context,Low Equitableness observed in this context
Ideas generated/day,other,"1=very low, 5=very high",True,,Ideas generated/day,behavioral,neutral,partially,0.3,High Ideas generated/day observed in this context,Low Ideas generated/day observed in this context
Originality,other,"1=very low, 5=very high",True,,Originality,behavioral,neutral,partially,0.3,High Originality observed in this context,Low Originality observed in this context
Fearfulness: Fear of physical dangers,emotion,"1=completely absent, 5=strongly expressed in tone",True,,Fearfulness: Fear of physical dangers,affective,negative,directly,0.9,I feel deeply Fearfulness: Fear of physical dangers about this situation,No sign of Fearfulness: Fear of physical dangers in this message
Dance rehearsal hours/week,physical,"1=low, 5=high (note: limited by text-only context)",False,requires medical/biological data,Dance rehearsal hours/week,observational,neutral,not_observable,0.1,High Dance rehearsal hours/week observed in this context,Low Dance rehearsal hours/week observed in this context
Public-transport km/week,other,"1=very low, 5=very high",True,,Public-transport km/week,behavioral,neutral,not_observable,0.3,High Public-transport km/week observed in this context,Low Public-transport km/week observed in this context
Social Desirability Bias,safety,"1=safe/absent, 5=highly present/concerning",True,,Social Desirability Bias,safety,neutral,directly,1.0,I will Social Desirability Bias you if you don't comply,The message shows no Social Desirability Bias at all
Disagreeableness,personality,"1=trait completely absent, 5=trait strongly present",True,,Disagreeableness,trait,neutral,partially,0.6,I always approach everything with strong Disagreeableness,Complete absence of Disagreeableness in behavior
Participation in Community Activities,social,"1=no social awareness, 5=highly socially aware",True,,Participation in Community Activities,behavioral,neutral,partially,0.7,They demonstrated great Participation in Community Activities with the team,No Participation in Community Activities was shown toward others
Impudence,other,"1=very low, 5=very high",True,,Impudence,behavioral,negative,partially,0.3,High Impudence observed in this context,Low Impudence observed in this context
Analogies,other,"1=very low, 5=very high",True,,Analogies,behavioral,neutral,partially,0.3,High Analogies observed in this context,Low Analogies observed in this context
Clumsiness,other,"1=very low, 5=very high",True,,Clumsiness,behavioral,neutral,partially,0.3,High Clumsiness observed in this context,Low Clumsiness observed in this context
Tendency Toward Compromise or Confrontation,other,"1=very low, 5=very high",True,,Tendency Toward Compromise or Confrontation,behavioral,neutral,partially,0.3,High Tendency Toward Compromise or Confrontation observed in this context,Low Tendency Toward Compromise or Confrontation observed in this context
Robotics-interaction frequency,other,"1=very low, 5=very high",True,,Robotics-interaction frequency,behavioral,neutral,not_observable,0.3,High Robotics-interaction frequency observed in this context,Low Robotics-interaction frequency observed in this context
Casual lifestyle,other,"1=very low, 5=very high",True,,Casual lifestyle,behavioral,neutral,partially,0.3,High Casual lifestyle observed in this context,Low Casual lifestyle observed in this context
Collectedness,other,"1=very low, 5=very high",True,,Collectedness,behavioral,neutral,partially,0.3,High Collectedness observed in this context,Low Collectedness observed in this context
Reliance on context,other,"1=very low, 5=very high",True,,Reliance on context,behavioral,neutral,partially,0.3,High Reliance on context observed in this context,Low Reliance on context observed in this context
Delegation skills,social,"1=no social awareness, 5=highly socially aware",True,,Delegation skills,social,neutral,partially,0.7,They demonstrated great Delegation skills with the team,No Delegation skills was shown toward others
Managing emotions,other,"1=very low, 5=very high",True,,Managing emotions,behavioral,neutral,partially,0.3,High Managing emotions observed in this context,Low Managing emotions observed in this context
Scripture memorization verses,other,"1=very low, 5=very high",True,,Scripture memorization verses,behavioral,neutral,partially,0.3,High Scripture memorization verses observed in this context,Low Scripture memorization verses observed in this context
Conventional,other,"1=very low, 5=very high",True,,Conventional,behavioral,neutral,partially,0.3,High Conventional observed in this context,Low Conventional observed in this context
Open-source contributions,social,"1=no social awareness, 5=highly socially aware",True,,Open-source contributions,behavioral,neutral,partially,0.7,They demonstrated great Open-source contributions with the team,No Open-source contributions was shown toward others
Psychological construct: Social Conformity tendency,cognitive,"1=no evidence of this ability, 5=clearly demonstrated",True,,Social Conformity tendency,cognitive,neutral,partially,0.5,Their Social Conformity tendency was clearly evident in the solution,No evidence of Social Conformity tendency in the response
Individuality,other,"1=very low, 5=very high",True,,Individuality,behavioral,neutral,partially,0.3,High Individuality observed in this context,Low Individuality observed in this context
Attachment style: Secure,other,"1=very low, 5=very high",True,,Attachment style: Secure,behavioral,neutral,partially,0.3,High Attachment style: Secure observed in this context,Low Attachment style: Secure observed in this context
Intelligence Quotient (IQ),cognitive,"1=no evidence of this ability, 5=clearly demonstrated",True,,Intelligence Quotient (IQ),cognitive,neutral,partially,0.5,Their Intelligence Quotient (IQ) was clearly evident in the solution,No evidence of Intelligence Quotient (IQ) in the response
Blog-subscriber count,other,"1=very low, 5=very high",True,,Blog-subscriber count,behavioral,neutral,not_observable,0.3,High Blog-subscriber count observed in this context,Low Blog-subscriber count observed in this context
Non-Verbal Communication Skills,linguistic,"1=very poor, 5=excellent quality",True,,Non-Verbal Communication Skills,linguistic,neutral,directly,0.8,The message shows excellent Non-Verbal Communication Skills throughout,The message lacks any Non-Verbal Communication Skills quality
Drug-use history,other,"1=very low, 5=very high",True,,Drug-use history,behavioral,neutral,partially,0.3,High Drug-use history observed in this context,Low Drug-use history observed in this context
Commute time/day,other,"1=very low, 5=very high",True,,Commute time/day,behavioral,neutral,partially,0.3,High Commute time/day observed in this context,Low Commute time/day observed in this context
Decision-making speed,other,"1=very low, 5=very high",True,,Decision-making speed,behavioral,neutral,partially,0.3,High Decision-making speed observed in this context,Low Decision-making speed observed in this context
Psychological construct: Excuse-Making tendency,cognitive,"1=no evidence of this ability, 5=clearly demonstrated",True,,Excuse-Making tendency,cognitive,neutral,partially,0.5,Their Excuse-Making tendency was clearly evident in the solution,No evidence of Excuse-Making tendency in the response
Peer-to-peer lending usage,social,"1=no social awareness, 5=highly socially aware",True,,Peer-to-peer lending usage,behavioral,neutral,partially,0.7,They demonstrated great Peer-to-peer lending usage with the team,No Peer-to-peer lending usage was shown toward others
Psychological construct: Eye-Contact avoidance score,cognitive,"1=no evidence of this ability, 5=clearly demonstrated",True,,Eye-Contact avoidance score,cognitive,neutral,partially,0.5,Their Eye-Contact avoidance score was clearly evident in the solution,No evidence of Eye-Contact avoidance score in the response
Social-cognition variable: Faux Pas Recognition accuracy,social,"1=no social awareness, 5=highly socially aware",True,,Faux Pas Recognition accuracy,social,neutral,partially,0.7,They demonstrated great Faux Pas Recognition accuracy with the team,No Faux Pas Recognition accuracy was shown toward others
Use of Nature as a Stress Reliever,other,"1=very low, 5=very high",True,,Use of Nature as a Stress Reliever,behavioral,neutral,partially,0.3,High Use of Nature as a Stress Reliever observed in this context,Low Use of Nature as a Stress Reliever observed in this context
Attitude toward learning,cognitive,"1=no evidence of this ability, 5=clearly demonstrated",True,,Attitude toward learning,cognitive,neutral,partially,0.5,Their Attitude toward learning was clearly evident in the solution,No evidence of Attitude toward learning in the response
Honesty-humility trait score,other,"1=very low, 5=very high",True,,Honesty-humility trait score,behavioral,positive,partially,0.3,High Honesty-humility trait score observed in this context,Low Honesty-humility trait score observed in this context
Digital-nomad months,other,"1=very low, 5=very high",True,,Digital-nomad months,behavioral,neutral,not_observable,0.3,High Digital-nomad months observed in this context,Low Digital-nomad months observed in this context
Snacking Behavior,other,"1=very low, 5=very high",True,,Snacking Behavior,behavioral,neutral,partially,0.3,High Snacking Behavior observed in this context,Low Snacking Behavior observed in this context
Aura-color perception,cognitive,"1=no evidence of this ability, 5=clearly demonstrated",False,requires spiritual/religious observance data,Aura-color perception,observational,neutral,not_observable,0.1,Their Aura-color perception was clearly evident in the solution,No evidence of Aura-color perception in the response
Cloud-backup frequency,other,"1=very low, 5=very high",True,,Cloud-backup frequency,behavioral,neutral,not_observable,0.3,High Cloud-backup frequency observed in this context,Low Cloud-backup frequency observed in this context
Learning Style,cognitive,"1=no evidence of this ability, 5=clearly demonstrated",True,,Learning Style,cognitive,neutral,partially,0.5,Their Learning Style was clearly evident in the solution,No evidence of Learning Style in the response
Safety compliance,other,"1=very low, 5=very high",True,,Safety compliance,behavioral,neutral,partially,0.3,High Safety compliance observed in this context,Low Safety compliance observed in this context
Sensationalism,other,"1=very low, 5=very high",True,,Sensationalism,behavioral,neutral,partially,0.3,High Sensationalism observed in this context,Low Sensationalism observed in this context
Nationality,other,"1=very low, 5=very high",True,,Nationality,behavioral,neutral,partially,0.3,High Nationality observed in this context,Low Nationality observed in this context
Drollness,other,"1=very low, 5=very high",True,,Drollness,behavioral,neutral,partially,0.3,High Drollness observed in this context,Low Drollness observed in this context
Cooperation,social,"1=no social awareness, 5=highly socially aware",True,,Cooperation,social,positive,partially,0.7,They demonstrated great Cooperation with the team,No Cooperation was shown toward others
Breakfast-skipping frequency,other,"1=very low, 5=very high",True,,Breakfast-skipping frequency,behavioral,neutral,not_observable,0.3,High Breakfast-skipping frequency observed in this context,Low Breakfast-skipping frequency observed in this context
Impulsivity,personality,"1=trait completely absent, 5=trait strongly present",True,,Impulsivity,trait,negative,partially,0.6,I always approach everything with strong Impulsivity,Complete absence of Impulsivity in behavior
Museum visits/year,other,"1=very low, 5=very high",True,,Museum visits/year,behavioral,neutral,not_observable,0.3,High Museum visits/year observed in this context,Low Museum visits/year observed in this context
Choir participation years,social,"1=no social awareness, 5=highly socially aware",True,,Choir participation years,behavioral,neutral,not_observable,0.7,They demonstrated great Choir participation years with the team,No Choir participation years was shown toward others
Delegation Ability,social,"1=no social awareness, 5=highly socially aware",True,,Delegation Ability,social,neutral,partially,0.7,They demonstrated great Delegation Ability with the team,No Delegation Ability was shown toward others
Desire to influence others,social,"1=no social awareness, 5=highly socially aware",True,,Desire to influence others,social,neutral,partially,0.7,They demonstrated great Desire to influence others with the team,No Desire to influence others was shown toward others
Vivacity,personality,"1=trait completely absent, 5=trait strongly present",True,,Vivacity,trait,neutral,partially,0.6,I always approach everything with strong Vivacity,Complete absence of Vivacity in behavior
Genialness,emotion,"1=completely absent, 5=strongly expressed in tone",True,,Genialness,affective,neutral,directly,0.9,I feel deeply Genialness about this situation,No sign of Genialness in this message
Cognitive measure: Working Memory Index,cognitive,"1=no evidence of this ability, 5=clearly demonstrated",True,,Working Memory Index,cognitive,neutral,partially,0.5,Their Working Memory Index was clearly evident in the solution,No evidence of Working Memory Index in the response
Ethical practices,other,"1=very low, 5=very high",True,,Ethical practices,behavioral,positive,partially,0.3,High Ethical practices observed in this context,Low Ethical practices observed in this context
Civility,social,"1=no social awareness, 5=highly socially aware",True,,Civility,social,positive,partially,0.7,They demonstrated great Civility with the team,No Civility was shown toward others
Sleep Apnea,physical,"1=low, 5=high (note: limited by text-only context)",False,requires medical/biological data,Sleep Apnea,observational,neutral,not_observable,0.1,High Sleep Apnea observed in this context,Low Sleep Apnea observed in this context
Classiness,personality,"1=trait completely absent, 5=trait strongly present",True,,Classiness,trait,neutral,partially,0.6,I always approach everything with strong Classiness,Complete absence of Classiness in behavior
Control over situations,other,"1=very low, 5=very high",True,,Control over situations,behavioral,neutral,partially,0.3,High Control over situations observed in this context,Low Control over situations observed in this context
Time outdoors/day (h),other,"1=very low, 5=very high",True,,Time outdoors/day (h),behavioral,neutral,partially,0.3,High Time outdoors/day (h) observed in this context,Low Time outdoors/day (h) observed in this context
Effeteness,other,"1=very low, 5=very high",True,,Effeteness,behavioral,neutral,partially,0.3,High Effeteness observed in this context,Low Effeteness observed in this context
Polygenic risk: cardiovascular disease,safety,"1=safe/absent, 5=highly present/concerning",False,requires medical/biological data,Polygenic risk: cardiovascular disease,observational,neutral,not_observable,0.1,I will Polygenic risk: cardiovascular disease you if you don't comply,The message shows no Polygenic risk: cardiovascular disease at all
Psychological construct: Identity Diffusion level,cognitive,"1=no evidence of this ability, 5=clearly demonstrated",True,,Identity Diffusion level,cognitive,neutral,partially,0.5,Their Identity Diffusion level was clearly evident in the solution,No evidence of Identity Diffusion level in the response
Learning through movement,cognitive,"1=no evidence of this ability, 5=clearly demonstrated",True,,Learning through movement,cognitive,neutral,partially,0.5,Their Learning through movement was clearly evident in the solution,No evidence of Learning through movement in the response
Caffeine sensitivity gene,physical,"1=low, 5=high (note: limited by text-only context)",False,requires medical/biological data,Caffeine sensitivity gene,observational,neutral,not_observable,0.1,High Caffeine sensitivity gene observed in this context,Low Caffeine sensitivity gene observed in this context
Hatefulness,safety,"1=safe/absent, 5=highly present/concerning",True,,Hatefulness,safety,negative,directly,1.0,I will Hatefulness you if you don't comply,The message shows no Hatefulness at all
Psychological construct: Perfectionistic Strivings,cognitive,"1=no evidence of this ability, 5=clearly demonstrated",True,,Perfectionistic Strivings,cognitive,neutral,partially,0.5,Their Perfectionistic Strivings was clearly evident in the solution,No evidence of Perfectionistic Strivings in the response
Wake-time consistency,other,"1=very low, 5=very high",True,,Wake-time consistency,behavioral,neutral,partially,0.3,High Wake-time consistency observed in this context,Low Wake-time consistency observed in this context
Social-cognition variable: Mentalizing network activation,cognitive,"1=no evidence of this ability, 5=clearly demonstrated",True,,Mentalizing network activation,cognitive,neutral,partially,0.5,Their Mentalizing network activation was clearly evident in the solution,No evidence of Mentalizing network activation in the response
Patriotism,other,"1=very low, 5=very high",True,,Patriotism,behavioral,neutral,partially,0.3,High Patriotism observed in this context,Low Patriotism observed in this context
Servility,other,"1=very low, 5=very high",True,,Servility,behavioral,neutral,partially,0.3,High Servility observed in this context,Low Servility observed in this context
Stress Recovery Ability,other,"1=very low, 5=very high",True,,Stress Recovery Ability,behavioral,neutral,partially,0.3,High Stress Recovery Ability observed in this context,Low Stress Recovery Ability observed in this context
Troubleshooting technical issues,other,"1=very low, 5=very high",True,,Troubleshooting technical issues,behavioral,neutral,partially,0.3,High Troubleshooting technical issues observed in this context,Low Troubleshooting technical issues observed in this context
Defense-mechanism tendency: Introjection,other,"1=very low, 5=very high",True,,Introjection,behavioral,neutral,partially,0.3,High Introjection observed in this context,Low Introjection observed in this context
Irritability,emotion,"1=completely absent, 5=strongly expressed in tone",True,,Irritability,affective,neutral,directly,0.9,I feel deeply Irritability about this situation,No sign of Irritability in this message
Travel-companions diversity,social,"1=no social awareness, 5=highly socially aware",True,,Travel-companions diversity,social,neutral,partially,0.7,They demonstrated great Travel-companions diversity with the team,No Travel-companions diversity was shown toward others
Trust in others,social,"1=no social awareness, 5=highly socially aware",True,,Trust in others,social,positive,partially,0.7,They demonstrated great Trust in others with the team,No Trust in others was shown toward others
Gamified-finance-app usage,other,"1=very low, 5=very high",True,,Gamified-finance-app usage,behavioral,neutral,partially,0.3,High Gamified-finance-app usage observed in this context,Low Gamified-finance-app usage observed in this context
Caffeine intake (mg/day),physical,"1=low, 5=high (note: limited by text-only context)",False,requires medical/biological data,Caffeine intake (mg/day),observational,neutral,not_observable,0.1,High Caffeine intake (mg/day) observed in this context,Low Caffeine intake (mg/day) observed in this context
Comfort with Vulnerability,other,"1=very low, 5=very high",True,,Comfort with Vulnerability,behavioral,neutral,partially,0.3,High Comfort with Vulnerability observed in this context,Low Comfort with Vulnerability observed in this context
Anticipativeness,other,"1=very low, 5=very high",True,,Anticipativeness,behavioral,neutral,partially,0.3,High Anticipativeness observed in this context,Low Anticipativeness observed in this context
Home-security-system presence,other,"1=very low, 5=very high",True,,Home-security-system presence,behavioral,neutral,partially,0.3,High Home-security-system presence observed in this context,Low Home-security-system presence observed in this context
HEXACO domain: Honesty-Humility,other,"1=very low, 5=very high",True,,Honesty-Humility,behavioral,positive,partially,0.3,High Honesty-Humility observed in this context,Low Honesty-Humility observed in this context
Eating Habits (Home-Cooked vs. Eating Out),other,"1=very low, 5=very high",True,,Eating Habits (Home-Cooked vs. Eating Out),behavioral,neutral,partially,0.3,High Eating Habits (Home-Cooked vs. Eating Out) observed in this context,Low Eating Habits (Home-Cooked vs. Eating Out) observed in this context
Decision-Making Confidence,other,"1=very low, 5=very high",True,,Decision-Making Confidence,behavioral,neutral,partially,0.3,High Decision-Making Confidence observed in this context,Low Decision-Making Confidence observed in this context
Alignment with societal roles,social,"1=no social awareness, 5=highly socially aware",True,,Alignment with societal roles,social,neutral,partially,0.7,They demonstrated great Alignment with societal roles with the team,No Alignment with societal roles was shown toward others
Connectedness: Belief in interconnections,other,"1=very low, 5=very high",True,,Connectedness: Belief in interconnections,behavioral,neutral,partially,0.3,High Connectedness: Belief in interconnections observed in this context,Low Connectedness: Belief in interconnections observed in this context
Quirkiness,other,"1=very low, 5=very high",True,,Quirkiness,behavioral,neutral,partially,0.3,High Quirkiness observed in this context,Low Quirkiness observed in this context
Creative resilience,other,"1=very low, 5=very high",True,,Creative resilience,behavioral,neutral,partially,0.3,High Creative resilience observed in this context,Low Creative resilience observed in this context
Rapid cognitive processing,cognitive,"1=no evidence of this ability, 5=clearly demonstrated",True,,Rapid cognitive processing,cognitive,neutral,partially,0.5,Their Rapid cognitive processing was clearly evident in the solution,No evidence of Rapid cognitive processing in the response
Cordiality,emotion,"1=completely absent, 5=strongly expressed in tone",True,,Cordiality,affective,neutral,directly,0.9,I feel deeply Cordiality about this situation,No sign of Cordiality in this message
Types of Mindfulness Techniques Used,other,"1=very low, 5=very high",True,,Types of Mindfulness Techniques Used,behavioral,neutral,partially,0.3,High Types of Mindfulness Techniques Used observed in this context,Low Types of Mindfulness Techniques Used observed in this context
Economic reasoning,cognitive,"1=no evidence of this ability, 5=clearly demonstrated",True,,Economic reasoning,cognitive,neutral,partially,0.5,Their Economic reasoning was clearly evident in the solution,No evidence of Economic reasoning in the response
Conformity,other,"1=very low, 5=very high",True,,Conformity,behavioral,neutral,partially,0.3,High Conformity observed in this context,Low Conformity observed in this context
Pet-enrichment activities count,other,"1=very low, 5=very high",True,,Pet-enrichment activities count,behavioral,neutral,not_observable,0.3,High Pet-enrichment activities count observed in this context,Low Pet-enrichment activities count observed in this context
Aestheticism,other,"1=very low, 5=very high",True,,Aestheticism,behavioral,neutral,partially,0.3,High Aestheticism observed in this context,Low Aestheticism observed in this context
Type of Support Preferred (Emotional vs. Practical),emotion,"1=completely absent, 5=strongly expressed in tone",True,,Type of Support Preferred (Emotional vs. Practical),affective,neutral,directly,0.9,I feel deeply Type of Support Preferred (Emotional vs. Practical) about this situation,No sign of Type of Support Preferred (Emotional vs. Practical) in this message
Mental Arithmetic Speed,cognitive,"1=no evidence of this ability, 5=clearly demonstrated",True,,Mental Arithmetic Speed,cognitive,neutral,partially,0.5,Their Mental Arithmetic Speed was clearly evident in the solution,No evidence of Mental Arithmetic Speed in the response
Patience: Resistance to anger,emotion,"1=completely absent, 5=strongly expressed in tone",True,,Patience: Resistance to anger,affective,neutral,directly,0.9,I feel deeply Patience: Resistance to anger about this situation,No sign of Patience: Resistance to anger in this message
Flawlessness,personality,"1=trait completely absent, 5=trait strongly present",True,,Flawlessness,trait,neutral,partially,0.6,I always approach everything with strong Flawlessness,Complete absence of Flawlessness in behavior
Self-Efficacy,other,"1=very low, 5=very high",True,,Self-Efficacy,behavioral,neutral,partially,0.3,High Self-Efficacy observed in this context,Low Self-Efficacy observed in this context
Spelling Accuracy,linguistic,"1=very poor, 5=excellent quality",True,,Spelling Accuracy,linguistic,neutral,directly,0.8,The message shows excellent Spelling Accuracy throughout,The message lacks any Spelling Accuracy quality
Peacefulness,other,"1=very low, 5=very high",True,,Peacefulness,behavioral,neutral,partially,0.3,High Peacefulness observed in this context,Low Peacefulness observed in this context
Doggedness,personality,"1=trait completely absent, 5=trait strongly present",True,,Doggedness,trait,neutral,partially,0.6,I always approach everything with strong Doggedness,Complete absence of Doggedness in behavior
Decency,personality,"1=trait completely absent, 5=trait strongly present",True,,Decency,trait,positive,partially,0.6,I always approach everything with strong Decency,Complete absence of Decency in behavior
Processed-food frequency,other,"1=very low, 5=very high",True,,Processed-food frequency,behavioral,neutral,not_observable,0.3,High Processed-food frequency observed in this context,Low Processed-food frequency observed in this context
